city, address, number
Moscow,926 Jenkins Glens,+1-123-825-6364x3391
Derbent,4316 Wilson Passage,(092)600-3272x81131
Petropavlovsk-Kamchatsky,4955 Kevin Bridge Suite 141,781.915.6876
Maykop,889 Floyd Locks Suite 166,+1-898-230-8564
Saint Petersburg,817 Ryan Road,001-540-425-3834
Omsk,30491 Christopher Junction,001-747-926-4196x32918
Volzhsky,4359 Judith Harbor Suite 375,001-667-850-0501
Tver,7503 Howard Rue,+1-007-116-9348x11278
Birobidzhan,577 Chang Court,859.595.1929x8434
Saratov,71611 Gaines Grove,(163)211-7258
JKLM,1875 Jimmy Land,+1-547-498-3062
Zlatoust,73866 Kimberly Alley Apt. 593,3688934696
Cherkessk,396 Mann Locks,408.368.7505x4269
Nizhny Novgorod,70780 Rivera Loop,601-912-8427x3195
Belgorod,6728 Brown Way Apt. 428,(925)107-6053
Ivanovo,85788 Castaneda Roads,156.253.2887x672
Salekhard,438 Hensley Drives,161.871.8188x584
Ufa,970 Amanda Springs Apt. 352,001-059-777-4260x4433
Stavropol,26769 Baldwin Summit,(297)135-2479
Tula,94919 Anita Burg,807-106-4032
Ryazan,03822 Mary Terrace Apt. 307,001-800-430-8932
Kaluga,503 Alicia Mountain Apt. 902,(280)844-0863x3121
Tolyatti,57339 Richard Mills,9329620273
Naberezhnye Chelny,6103 Angela Corner,927-674-8629x5206
Saransk,951 Mills Extensions,(430)337-3052
Dzerzhinsk,92478 Randy Passage,001-969-911-7101x628
Ulyanovsk,2329 Kenneth Path,+1-500-764-0792x586
Pskov,6026 Kyle Ports Apt. 339,884.508.5756
Samara,818 Taylor Vista,354-568-4237
Yuzhno-Sakhalinsk,56453 Kathleen Pine,3323847663
Maykop,538 Joseph Prairie,840-617-1319
Norilsk,3991 Kimberly Ford,(258)332-3285x88838
Zlatoust,00237 Angela Extension,406.606.5773
Yaroslavl,01552 Oliver Radial,336-196-4078
Nizhny Tagil,85865 Michael Lodge Suite 894,3524942688
Podolsk,4771 Young Camp Suite 841,823-789-9378
Magnitogorsk,609 Emily Shoal Suite 557,8713077325
Sterlitamak,65785 Caleb Ports,001-771-859-7956
JKLM,602 John Stream,(671)436-8126x7164
Ulyanovsk,4012 Michael Vista,001-633-346-1765x8322
Novokuznetsk,60915 Hamilton Forges,+1-502-215-8397
Stary Oskol,23213 Cory Fort,(816)511-3524x56006
Kirov,15497 Cox Wells,(513)548-9569x495
Angarsk,3610 Howell Keys,284-293-0050
Rostov-on-Don,2644 Chase Burgs Suite 073,(076)776-8120x355
Pyatigorsk,044 Carl Junction Suite 979,+1-003-099-0869x5842
Pskov,974 David Road Suite 020,(289)073-6688x441
Vladimir,424 Smith Courts,(723)431-8913x86999
Lipetsk,6275 Melissa Parks,968-245-1366x52048
Murmansk,5208 David Hills Suite 337,001-289-833-6712x00137
Bryansk,145 John Roads Apt. 952,(087)272-3267
Magas,91811 Elizabeth Path Suite 067,0084585278
Obninsk,752 Ian Falls,+1-513-898-7311x149
Arzamas,5886 Tammy Union,309-135-2683x55541
Sochi,292 Chad Roads Apt. 558,198.301.8267x825
Velikie Luki,1306 Amanda Crest Suite 671,001-263-105-9146x3252
Angarsk,532 Benson Neck,+1-861-038-0906
Ulyanovsk,4318 Fisher Route,193.051.5892
Chelyabinsk,53630 Carl Hollow,049.035.5871x23341
Rostov-on-Don,43500 Joseph Spring Apt. 844,410.441.7082
Sterlitamak,8002 Rocha Plains,967-801-7685x2361
Angarsk,95721 Chung Path,(759)764-3281
Novokuznetsk,636 Hanson Lock Suite 034,+1-867-689-6759x45920
Sergiev Posad,30329 Kyle Highway,+1-609-657-6528x84410
Grozny,0354 Shawn Rapid,618.272.1198x3997
Kostroma,71317 Lee Mission,241.667.9093
Magas,51857 Day Corners Apt. 948,676-294-6929
Norilsk,8067 Harvey Brooks,001-245-688-6354x5940
Podolsk,26035 Adkins Corner,+1-403-347-0994
Nefteyugansk,12183 Joseph Haven,+1-294-886-4019
Moscow,338 Jaclyn Islands,(065)179-2500
Cherkessk,6309 Baker Camp,(967)889-2399x961
Kurgan,9618 Rubio Plaza Suite 347,(591)564-1249x9776
Salekhard,6244 Gaines Inlet,3831466561
Salekhard,6418 Eaton Corners Apt. 379,905-710-2824
Nizhnevartovsk,323 Anderson Square Suite 773,4746159200
Saratov,26436 Christopher Inlet Suite 019,336.560.6682x065
Krasnodar,580 Preston Fork,7547442202
Zlatoust,545 Crawford Crossroad,896.561.6946x0463
Kyzyl,724 Richard Squares Suite 832,032-723-6239x77850
Vladivostok,085 Hart Lodge,410.316.1541x03298
Birobidzhan,28780 West Mall,(772)239-6567x3898
Kaluga,1072 Sanchez Court Apt. 487,001-486-364-9290x246
Kostroma,21599 Garcia Ridges,762.772.7137
Ulan-Ude,505 Tamara View,098.759.1161
Novokuznetsk,46416 Smith Station Suite 061,026-184-1403x894
Chelyabinsk,20128 Michelle Cliff,634-756-7792
Cherkessk,16018 Frazier Branch,001-036-024-4919x3305
Grozny,667 Jensen Corner Apt. 511,001-387-511-2071x17254
Magadan,4732 Fuller Squares,+1-714-972-5286x059
Chita,74946 Michael Port,382.771.8425x575
Nizhnevartovsk,2249 Debra Loaf Apt. 270,001-134-904-3515x43836
Novosibirsk,8963 Callahan Road Apt. 271,001-162-413-6868x597
Syktyvkar,5218 Patrick Island Suite 746,378-810-6927x562
Barnaul,5807 Kaufman Mission,227-316-3348x656
Podolsk,74710 Kevin Springs Apt. 727,628-214-4776
Birobidzhan,442 Lindsay Knoll,906.016.0824
Naryan-Mar,395 Rivera Parkway Apt. 294,200-695-4561
Tolyatti,2846 Carpenter Ports,728.590.9156x990
Rostov-on-Don,952 Bradley Parkways Apt. 490,(907)651-9713x3714
